scenario,configuration,cvar95_ms_mean,cvar95_ms_ci95_halfwidth,replica_seconds_mean,replica_seconds_ci95_halfwidth,scaling_actions_mean,scaling_actions_ci95_halfwidth
full,Full CVaR-Safe,252.15366672133297,41.85388933403335,3878.2,108.87129419150108,50.333333333333336,8.705037851978211
no_cvar,No CVaR trigger (pressure + p99),262.49379273529325,44.253392987082286,3755.133333333333,78.24822231123454,39.266666666666666,5.280527244321435
no_queueing,No queueing signal (CVaR + p99),427.14819917208683,83.23611947494257,3889.0,126.71799563966462,60.0,8.406333965612324
cooldown_2,Cooldown kappa=2,232.8064795353635,27.680432774714895,3930.866666666667,121.49360267793084,62.4,12.410850289485506
cooldown_4,Cooldown kappa=4,280.94264990290424,52.215178755432675,3862.6,92.750154256449,44.266666666666666,6.41549459809017
window_5,Window W=5,264.4058097733656,44.24910620651295,3696.6,83.78034168736613,47.6,7.440954200179551
window_10,Window W=10,252.81648100002744,40.54320179796681,4011.6666666666665,122.58792672963911,49.53333333333333,8.624645375441531
