policy,seeds,windows,mae_p99_ms_mean,mae_p99_ms_ci95_halfwidth,rmse_p99_ms_mean,rmse_p99_ms_ci95_halfwidth,pearson_r_mean,pearson_r_ci95_halfwidth,spearman_rho_mean,spearman_rho_ci95_halfwidth
cvar_safe,15,16185,24.763179029257504,2.837295138962804,52.26751398505412,11.929611402452988,0.848425668726174,0.09682597575163393,0.5662254816993126,0.03562774582954199
hpa_like,15,16185,84.25061465431453,6.16362213287614,125.02190760422009,14.205645673392958,0.9536700796338052,0.0071780987612546174,0.6411962355249191,0.034681557879564194
keda_style,15,16185,101.14325667982854,3.715848589604866,149.1258043751623,10.21681260244848,0.9591291351646982,0.006640561382778739,0.7156374804627382,0.022086221235381984
pid,15,16185,108.79379514908788,5.529519200096547,185.5705876390507,15.479850213053291,0.9790030212272947,0.0026018747451176955,0.6774645342216382,0.027163658314574835
predictive,15,16185,87.68600484461791,3.479135534969946,130.004621758548,10.333523355882534,0.9520639560387206,0.009531645409849517,0.6511909752451754,0.0316104980553397
rule_based,15,16185,93.99254956240252,4.0834061012963065,139.4405992964343,13.219748851752229,0.954928392892222,0.008347207755599386,0.6886930310798303,0.024092554429314652
