risk_budget_factor,slo_violation_pct,cvar95_ms,replica_seconds,scaling_actions
0.5,0.35030864197530864,252.15366672133297,3878.2,50.333333333333336
0.55,0.36131687242798355,255.42586399807257,3858.266666666667,48.333333333333336
0.6,0.41100823045267487,260.93368250734903,3846.9333333333334,47.0
0.7,0.4111796982167352,261.8419063203703,3835.3333333333335,45.2
0.8,0.4111796982167352,261.8419579597567,3814.4,42.53333333333333
